timestamp,handle,text,avg_score
2025-06-15 00:32:16-04,@MFA_China,"RT by @MFA_China: å½“ç›é›…æ–‡æ˜é‡ä¸Šä¸‰æ˜Ÿå †ï¼Œæ‹‰ç¾è®°è€…å›¢:éœ‡æ’¼ä¸æ­¢äºæ–‡ç‰© When the Maya Civilization Meets Sanxingdui Latin American Journalists: The Shock Goes Beyond the Artifacts #ä¸‰æ˜Ÿå † #æ‹‰ç¾ #å¤–å›½äººåœ¨ä¸­å›½ #maya <blockquote class=""twitter-tweet""><p dir=""ltr"" lang=""zh"">å½“ç›é›…æ–‡æ˜é‡ä¸Šä¸‰æ˜Ÿå †ï¼Œæ‹‰ç¾è®°è€…å›¢:éœ‡æ’¼ä¸æ­¢äºæ–‡ç‰©<br />When the Maya Civilization Meets Sanxingdui<br />Latin American Journalists: The Shock Goes Beyond the Artifacts <a href=""https://twitter.com/hashtag/%E4%B8%89%E6%98%9F%E5%A0%86?src=hash&amp;ref_src=twsrc%5Etfw"">#ä¸‰æ˜Ÿå †</a> <a href=""https://twitter.com/hashtag/%E6%8B%89%E7%BE%8E?src=hash&amp;ref_src=twsrc%5Etfw"">#æ‹‰ç¾</a> <a href=""https://twitter.com/hashtag/%E5%A4%96%E5%9B%BD%E4%BA%BA%E5%9C%A8%E4%B8%AD%E5%9B%BD?src=hash&amp;ref_src=twsrc%5Etfw"">#å¤–å›½äººåœ¨ä¸­å›½</a> <a href=""https://twitter.com/hashtag/maya?src=hash&amp;ref_src=twsrc%5Etfw"">#maya</a> <a href=""https://t.co/LI0DTXp6t5"">pic.twitter.com/LI0DTXp6t5</a></p>â€” Amazing Sichuan (@SichuanAma85658) <a href=""https://twitter.com/SichuanAma85658/status/1934106660576043230?ref_src=twsrc%5Etfw"">June 15, 2025</a></blockquote>",-0.2387491647154093
2025-06-15 00:34:08-04,@lookonchain,"AguilaTrades(@AguilaTrades), the top trader on Bybit with $77.36M in profits over the past year, recently moved to Hyperliquid. But his first $BTC long there cost him $12.47M in losses. Now he is back to long $BTC with 20x leverage, with a position of 1,894 $BTC($200M). Can heâ€¦ <blockquote class=""twitter-tweet""><p dir=""ltr"" lang=""en"">AguilaTrades(<a href=""https://twitter.com/AguilaTrades?ref_src=twsrc%5Etfw"">@AguilaTrades</a>), the top trader on Bybit with $77.36M in profits over the past year, recently moved to Hyperliquid.<br /><br />But his first <a href=""https://twitter.com/search?q=%24BTC&amp;src=ctag&amp;ref_src=twsrc%5Etfw"">$BTC</a> long there cost him $12.47M in losses.<br /><br />Now he is back to long <a href=""https://twitter.com/search?q=%24BTC&amp;src=ctag&amp;ref_src=twsrc%5Etfw"">$BTC</a> with 20x leverage, with a position of 1,894 <a href=""https://twitter.com/search?q=%24BTC&amp;src=ctag&amp;ref_src=twsrc%5Etfw"">$BTC</a>($200M).<br /><br />Can heâ€¦ <a href=""https://t.co/noNz7LSycl"">pic.twitter.com/noNz7LSycl</a></p>â€” Lookonchain (@lookonchain) <a href=""https://twitter.com/lookonchain/status/1934107128924651550?ref_src=twsrc%5Etfw"">June 15, 2025</a></blockquote>",0.12125178277492522
2025-06-15 01:21:00-04,@POTUS,"RT by @POTUS: â€œThe U.S. had nothing to do with the attack on Iran, tonight. If we are attacked in any way, shape or form by Iran, the full strength and might of the U.S. Armed Forces will come down on you at levels never seen before. However, we can easily get a deal done between Iran andâ€¦ <blockquote class=""twitter-tweet""><p dir=""ltr"" lang=""en"">â€œThe U.S. had nothing to do with the attack on Iran, tonight. If we are attacked in any way, shape or form by Iran, the full strength and might of the U.S. Armed Forces will come down on you at levels never seen before. However, we can easily get a deal done between Iran andâ€¦ <a href=""https://t.co/9F10xj1xU8"">pic.twitter.com/9F10xj1xU8</a></p>â€” The White House (@WhiteHouse) <a href=""https://twitter.com/WhiteHouse/status/1934118924427173969?ref_src=twsrc%5Etfw"">June 15, 2025</a></blockquote>",-0.1316839523613453
2025-06-15 01:31:00-04,@narendramodi,"Birthday greetings to Shri Kishan Reddy Garu. A grassroots leader, he is at the forefront of strengthening the coal and mines sector, which are important to build a self-reliant India. Praying for his long and healthy life.@kishanreddybjp <blockquote class=""twitter-tweet""><p dir=""ltr"" lang=""en"">Birthday greetings to Shri Kishan Reddy Garu. A grassroots leader, he is at the forefront of strengthening the coal and mines sector, which are important to build a self-reliant India. Praying for his long and healthy life.<a href=""https://twitter.com/kishanreddybjp?ref_src=twsrc%5Etfw"">@kishanreddybjp</a></p>â€” Narendra Modi (@narendramodi) <a href=""https://twitter.com/narendramodi/status/1934121586241810734?ref_src=twsrc%5Etfw"">June 15, 2025</a></blockquote>",0.30569405679901446
2025-06-15 01:34:00-04,@FinMinIndia,"India is the global leader in Fintech adoption. The Digital Payments Awards 2025 will celebrate this hard-earned feat by recognising the contribution of those who made it possible.#IndiaSwipesAhead #DigitalPaymentsAwards2025 <blockquote class=""twitter-tweet""><p dir=""ltr"" lang=""en"">India is the global leader in Fintech adoption. <br /><br />The Digital Payments Awards 2025 will celebrate this hard-earned feat by recognising the contribution of those who made it possible.<a href=""https://twitter.com/hashtag/IndiaSwipesAhead?src=hash&amp;ref_src=twsrc%5Etfw"">#IndiaSwipesAhead</a> <a href=""https://twitter.com/hashtag/DigitalPaymentsAwards2025?src=hash&amp;ref_src=twsrc%5Etfw"">#DigitalPaymentsAwards2025</a> <a href=""https://t.co/3eLBZKVKFo"">pic.twitter.com/3eLBZKVKFo</a></p>â€” Ministry of Finance (@FinMinIndia) <a href=""https://twitter.com/FinMinIndia/status/1934122410325758457?ref_src=twsrc%5Etfw"">June 15, 2025</a></blockquote>",0.3533965989947319
2025-06-15 02:00:00-04,@MMCrypto,"BITCOIN HOURLY W-REVERSAL. <blockquote class=""twitter-tweet""><p dir=""ltr"" lang=""en"">BITCOIN HOURLY W-REVERSAL. <a href=""https://t.co/g60qiad4YH"">pic.twitter.com/g60qiad4YH</a></p>â€” MMCrypto (@MMCrypto) <a href=""https://twitter.com/MMCrypto/status/1934128799332929709?ref_src=twsrc%5Etfw"">June 15, 2025</a></blockquote>",0.19069855734705923
2025-06-15 02:13:00-04,@nsitharamanoffc,"Smt @nsitharaman visited an exhibition of local handicrafts and handloom products by Self Help Groups (SHG) and Local Entrepreneurs in Leh, Ladakh. She interacted with artisans, women-led SHGs and local entrepreneurs showcasing traditional crafts, handloom textiles andâ€¦ <blockquote class=""twitter-tweet""><p dir=""ltr"" lang=""en"">Smt <a href=""https://twitter.com/nsitharaman?ref_src=twsrc%5Etfw"">@nsitharaman</a> visited an exhibition of local handicrafts and handloom products by Self Help Groups (SHG) and Local Entrepreneurs in Leh, Ladakh.<br /><br />She interacted with artisans, women-led SHGs and local entrepreneurs showcasing traditional crafts, handloom textiles andâ€¦ <a href=""https://t.co/dp8j3DJXxQ"">pic.twitter.com/dp8j3DJXxQ</a></p>â€” Nirmala Sitharaman Office (@nsitharamanoffc) <a href=""https://twitter.com/nsitharamanoffc/status/1934132173478801445?ref_src=twsrc%5Etfw"">June 15, 2025</a></blockquote>",0.01940850478907426
2025-06-15 02:13:00-04,@FinMinIndia,"RT by @FinMinIndia: Smt @nsitharaman visited an exhibition of local handicrafts and handloom products by Self Help Groups (SHG) and Local Entrepreneurs in Leh, Ladakh. She interacted with artisans, women-led SHGs and local entrepreneurs showcasing traditional crafts, handloom textiles andâ€¦ <blockquote class=""twitter-tweet""><p dir=""ltr"" lang=""en"">Smt <a href=""https://twitter.com/nsitharaman?ref_src=twsrc%5Etfw"">@nsitharaman</a> visited an exhibition of local handicrafts and handloom products by Self Help Groups (SHG) and Local Entrepreneurs in Leh, Ladakh.<br /><br />She interacted with artisans, women-led SHGs and local entrepreneurs showcasing traditional crafts, handloom textiles andâ€¦ <a href=""https://t.co/dp8j3DJXxQ"">pic.twitter.com/dp8j3DJXxQ</a></p>â€” Nirmala Sitharaman Office (@nsitharamanoffc) <a href=""https://twitter.com/nsitharamanoffc/status/1934132173478801445?ref_src=twsrc%5Etfw"">June 15, 2025</a></blockquote>",0.030634827290972073
2025-06-15 02:14:00-04,@MFA_China,"RT by @MFA_China: Ğ¡Ğ°Ğ¹Ñ…Ğ°Ğ½ Ğ¼ÑĞ´ÑÑ Ğ±Ğ°Ğ¹Ğ½Ğ°âœ¨ Ğ¥ÑĞ´Ñ…ÑĞ½ Ğ¼Ğ¸Ğ½ÑƒÑ‚Ñ‹Ğ½ Ğ´Ğ¾Ñ‚Ğ¾Ñ€ Ñ…Ò¯ÑÑĞ»Ñ‚ Ğ³Ğ°Ñ€Ğ³Ğ°Ğ¶, ÑĞ²Ñ†Ñ‹Ğ³ Ğ±Ğ¾Ğ´Ğ¸Ñ‚ Ñ†Ğ°Ğ³Ğ°Ğ°Ñ€ Ñ…ÑĞ½Ğ°Ñ… Ğ±Ğ¾Ğ»Ğ¾Ğ¼Ğ¶Ñ‚Ğ¾Ğ¹ Ğ±Ğ¾Ğ»Ğ»Ğ¾Ğ¾! ğŸ‡¨ğŸ‡³Ğ‘ĞĞ¥ĞĞ£-Ğ°Ğ°Ñ ĞœĞ¾Ğ½Ğ³Ğ¾Ğ» Ğ£Ğ»ÑĞ°Ğ´ ÑÑƒÑƒĞ³Ğ°Ğ° Ğ­Ğ»Ñ‡Ğ¸Ğ½ ÑĞ°Ğ¹Ğ´Ñ‹Ğ½ ÑĞ°Ğ¼ 2025 Ğ¾Ğ½Ñ‹ 6-Ñ€ ÑĞ°Ñ€Ñ‹Ğ½ 30-Ğ½Ñ‹ Ó©Ğ´Ó©Ñ€ Ğ¥ÑÑ‚Ğ°Ğ´Ñ‹Ğ½ Ñ†Ğ°Ñ…Ğ¸Ğ¼ Ğ²Ğ¸Ğ·Ğ¸Ğ¹Ğ½ ÑˆĞ¸Ğ½Ñ ÑĞ¸ÑÑ‚ĞµĞ¼Ğ¸Ğ¹Ğ³ Ğ°Ğ»Ğ±Ğ°Ğ½ Ñ‘ÑĞ¾Ğ¾Ñ€ Ğ½ÑÑÑ… Ğ³ÑĞ¶ Ğ±Ğ°Ğ¹Ğ½Ğ°. Ğ”ÑĞ»Ğ³ÑÑ€ÑĞ½Ğ³Ò¯Ğ¹ Ğ¼ÑĞ´ÑÑĞ»Ğ»Ğ¸Ğ¹Ğ³ Ğ´Ğ°Ñ€Ğ°Ğ°Ñ…â€¦ <blockquote class=""twitter-tweet""><p dir=""ltr"" lang=""ru"">Ğ¡Ğ°Ğ¹Ñ…Ğ°Ğ½ Ğ¼ÑĞ´ÑÑ Ğ±Ğ°Ğ¹Ğ½Ğ°âœ¨ Ğ¥ÑĞ´Ñ…ÑĞ½ Ğ¼Ğ¸Ğ½ÑƒÑ‚Ñ‹Ğ½ Ğ´Ğ¾Ñ‚Ğ¾Ñ€ Ñ…Ò¯ÑÑĞ»Ñ‚ Ğ³Ğ°Ñ€Ğ³Ğ°Ğ¶, ÑĞ²Ñ†Ñ‹Ğ³ Ğ±Ğ¾Ğ´Ğ¸Ñ‚ Ñ†Ğ°Ğ³Ğ°Ğ°Ñ€ Ñ…ÑĞ½Ğ°Ñ… Ğ±Ğ¾Ğ»Ğ¾Ğ¼Ğ¶Ñ‚Ğ¾Ğ¹ Ğ±Ğ¾Ğ»Ğ»Ğ¾Ğ¾!<br />ğŸ‡¨ğŸ‡³Ğ‘ĞĞ¥ĞĞ£-Ğ°Ğ°Ñ ĞœĞ¾Ğ½Ğ³Ğ¾Ğ» Ğ£Ğ»ÑĞ°Ğ´ ÑÑƒÑƒĞ³Ğ°Ğ° Ğ­Ğ»Ñ‡Ğ¸Ğ½ ÑĞ°Ğ¹Ğ´Ñ‹Ğ½ ÑĞ°Ğ¼ 2025 Ğ¾Ğ½Ñ‹ 6-Ñ€ ÑĞ°Ñ€Ñ‹Ğ½ 30-Ğ½Ñ‹ Ó©Ğ´Ó©Ñ€ Ğ¥ÑÑ‚Ğ°Ğ´Ñ‹Ğ½ Ñ†Ğ°Ñ…Ğ¸Ğ¼ Ğ²Ğ¸Ğ·Ğ¸Ğ¹Ğ½ ÑˆĞ¸Ğ½Ñ ÑĞ¸ÑÑ‚ĞµĞ¼Ğ¸Ğ¹Ğ³ Ğ°Ğ»Ğ±Ğ°Ğ½ Ñ‘ÑĞ¾Ğ¾Ñ€ Ğ½ÑÑÑ… Ğ³ÑĞ¶ Ğ±Ğ°Ğ¹Ğ½Ğ°.<br />Ğ”ÑĞ»Ğ³ÑÑ€ÑĞ½Ğ³Ò¯Ğ¹ Ğ¼ÑĞ´ÑÑĞ»Ğ»Ğ¸Ğ¹Ğ³ Ğ´Ğ°Ñ€Ğ°Ğ°Ñ…â€¦ <a href=""https://t.co/XQTGfvdIXv"">pic.twitter.com/XQTGfvdIXv</a></p>â€” Embassy of China in Mongolia (@cnembassyinmng) <a href=""https://twitter.com/cnembassyinmng/status/1934132287584838136?ref_src=twsrc%5Etfw"">June 15, 2025</a></blockquote>",0.24380784705281258
2025-06-15 02:15:00-04,@nsitharamanoffc,"Smt @nsitharaman appreciated the entrepreneurial spirit and creativity of the artisans, highlighting their role in preserving cultural heritage and boosting rural livelihoods in the Union Territory. <blockquote class=""twitter-tweet""><p dir=""ltr"" lang=""en"">Smt <a href=""https://twitter.com/nsitharaman?ref_src=twsrc%5Etfw"">@nsitharaman</a> appreciated the entrepreneurial spirit and creativity of the artisans, highlighting their role in preserving cultural heritage and boosting rural livelihoods in the Union Territory. <a href=""https://t.co/hQBlknP2T3"">https://t.co/hQBlknP2T3</a> <a href=""https://t.co/q4WAK6bs3q"">pic.twitter.com/q4WAK6bs3q</a></p>â€” Nirmala Sitharaman Office (@nsitharamanoffc) <a href=""https://twitter.com/nsitharamanoffc/status/1934132613863637198?ref_src=twsrc%5Etfw"">June 15, 2025</a></blockquote>",0.31085215490311385
2025-06-15 02:15:00-04,@FinMinIndia,"RT by @FinMinIndia: Smt @nsitharaman appreciated the entrepreneurial spirit and creativity of the artisans, highlighting their role in preserving cultural heritage and boosting rural livelihoods in the Union Territory. <blockquote class=""twitter-tweet""><p dir=""ltr"" lang=""en"">Smt <a href=""https://twitter.com/nsitharaman?ref_src=twsrc%5Etfw"">@nsitharaman</a> appreciated the entrepreneurial spirit and creativity of the artisans, highlighting their role in preserving cultural heritage and boosting rural livelihoods in the Union Territory. <a href=""https://t.co/hQBlknP2T3"">https://t.co/hQBlknP2T3</a> <a href=""https://t.co/q4WAK6bs3q"">pic.twitter.com/q4WAK6bs3q</a></p>â€” Nirmala Sitharaman Office (@nsitharamanoffc) <a href=""https://twitter.com/nsitharamanoffc/status/1934132613863637198?ref_src=twsrc%5Etfw"">June 15, 2025</a></blockquote>",0.3204929556697607
2025-06-15 02:16:26-04,@MFA_China,"RT by @MFA_China: Chinese Foreign Minister Wang Yi had a phone call with Iranian FM Seyed Abbas Araghchi on Saturday. China explicitly condemns Israel for violating Iranâ€™s sovereignty, security, and territorial integrity. China firmly opposes the brutal attacks targeting Iranian officials thatâ€¦ <blockquote class=""twitter-tweet""><p dir=""ltr"" lang=""en"">Chinese Foreign Minister Wang Yi had a phone call with Iranian FM Seyed Abbas Araghchi on Saturday.<br /><br />China explicitly condemns Israel for violating Iranâ€™s sovereignty, security, and territorial integrity. China firmly opposes the brutal attacks targeting Iranian officials thatâ€¦ <a href=""https://t.co/m90mhpzYBF"">pic.twitter.com/m90mhpzYBF</a></p>â€” Lin Jian æ—å‰‘ (@SpoxCHN_LinJian) <a href=""https://twitter.com/SpoxCHN_LinJian/status/1934132873998823904?ref_src=twsrc%5Etfw"">June 15, 2025</a></blockquote>",-0.5520404192308584
2025-06-15 02:35:00-04,@nsitharamanoffc,"Smt @nsitharaman interacts with Ms Rinchen Dolma, a PM Mudra Scheme beneficiary, during her visit to an exhibition of local handicrafts and handloom products by Self Help Groups (SHG) and Local Entrepreneurs in Leh, Ladakh. ""What a spectacular drive there is in her to use aâ€¦ <blockquote class=""twitter-tweet""><p dir=""ltr"" lang=""en"">Smt <a href=""https://twitter.com/nsitharaman?ref_src=twsrc%5Etfw"">@nsitharaman</a> interacts with Ms Rinchen Dolma, a PM Mudra Scheme beneficiary, during her visit to an exhibition of local handicrafts and handloom products by Self Help Groups (SHG) and Local Entrepreneurs in Leh, Ladakh.<br /><br />""What a spectacular drive there is in her to use aâ€¦ <a href=""https://t.co/pbTk7jWkYG"">pic.twitter.com/pbTk7jWkYG</a></p>â€” Nirmala Sitharaman Office (@nsitharamanoffc) <a href=""https://twitter.com/nsitharamanoffc/status/1934137654246773146?ref_src=twsrc%5Etfw"">June 15, 2025</a></blockquote>",0.03318070527166128
2025-06-15 02:35:00-04,@FinMinIndia,"RT by @FinMinIndia: Smt @nsitharaman interacts with Ms Rinchen Dolma, a PM Mudra Scheme beneficiary, during her visit to an exhibition of local handicrafts and handloom products by Self Help Groups (SHG) and Local Entrepreneurs in Leh, Ladakh. ""What a spectacular drive there is in her to use aâ€¦ <blockquote class=""twitter-tweet""><p dir=""ltr"" lang=""en"">Smt <a href=""https://twitter.com/nsitharaman?ref_src=twsrc%5Etfw"">@nsitharaman</a> interacts with Ms Rinchen Dolma, a PM Mudra Scheme beneficiary, during her visit to an exhibition of local handicrafts and handloom products by Self Help Groups (SHG) and Local Entrepreneurs in Leh, Ladakh.<br /><br />""What a spectacular drive there is in her to use aâ€¦ <a href=""https://t.co/pbTk7jWkYG"">pic.twitter.com/pbTk7jWkYG</a></p>â€” Nirmala Sitharaman Office (@nsitharamanoffc) <a href=""https://twitter.com/nsitharamanoffc/status/1934137654246773146?ref_src=twsrc%5Etfw"">June 15, 2025</a></blockquote>",0.11618188253293434
2025-06-15 02:55:00-04,@cryptoquant_com,"Bitcoin and the Macro Puzzle: Why BTC Rallies Despite Historic Yield Levels â€œThis anomaly suggests a structural shift in Bitcoinâ€™s role within the macro landscape. The explanation is that Bitcoin is becoming increasingly perceived as a store of value.â€ <blockquote class=""twitter-tweet""><p dir=""ltr"" lang=""en"">Bitcoin and the Macro Puzzle: Why BTC Rallies Despite Historic Yield Levels<br /><br />â€œThis anomaly suggests a structural shift in Bitcoinâ€™s role within the macro landscape. The explanation is that Bitcoin is becoming increasingly perceived as a store of value.â€ â€“ By <a href=""https://twitter.com/Darkfost_Coc?ref_src=twsrc%5Etfw"">@Darkfost_Coc</a> <a href=""https://t.co/pLeEuXkkxu"">pic.twitter.com/pLeEuXkkxu</a></p>â€” CryptoQuant.com (@cryptoquant_com) <a href=""https://twitter.com/cryptoquant_com/status/1934142772782510291?ref_src=twsrc%5Etfw"">June 15, 2025</a></blockquote>",0.47582162966330843
2025-06-15 02:59:00-04,@nsitharamanoffc,"RT by @nsitharamanoffc: Union Minister for Finance and Corporate Affairs Smt. @nsitharaman virtually inaugurated several development projects in Leh, reaffirming the commitment of the Government of India to inclusive growth and infrastructure development in the Union TerritoryÂ ofÂ Ladakh. The Unionâ€¦ <blockquote class=""twitter-tweet""><p dir=""ltr"" lang=""en"">Union Minister for Finance and Corporate Affairs Smt. <a href=""https://twitter.com/nsitharaman?ref_src=twsrc%5Etfw"">@nsitharaman</a> virtually inaugurated several development projects in Leh, reaffirming the commitment of the Government of India to inclusive growth and infrastructure development in the Union TerritoryÂ ofÂ Ladakh.<br /><br />The Unionâ€¦ <a href=""https://t.co/R8MTXMda0l"">pic.twitter.com/R8MTXMda0l</a></p>â€” Ministry of Finance (@FinMinIndia) <a href=""https://twitter.com/FinMinIndia/status/1934143752102404187?ref_src=twsrc%5Etfw"">June 15, 2025</a></blockquote>",0.2744495737676819
2025-06-15 02:59:00-04,@FinMinIndia,"Union Minister for Finance and Corporate Affairs Smt. @nsitharaman virtually inaugurated several development projects in Leh, reaffirming the commitment of the Government of India to inclusive growth and infrastructure development in the Union TerritoryÂ ofÂ Ladakh. The Unionâ€¦ <blockquote class=""twitter-tweet""><p dir=""ltr"" lang=""en"">Union Minister for Finance and Corporate Affairs Smt. <a href=""https://twitter.com/nsitharaman?ref_src=twsrc%5Etfw"">@nsitharaman</a> virtually inaugurated several development projects in Leh, reaffirming the commitment of the Government of India to inclusive growth and infrastructure development in the Union TerritoryÂ ofÂ Ladakh.<br /><br />The Unionâ€¦ <a href=""https://t.co/R8MTXMda0l"">pic.twitter.com/R8MTXMda0l</a></p>â€” Ministry of Finance (@FinMinIndia) <a href=""https://twitter.com/FinMinIndia/status/1934143752102404187?ref_src=twsrc%5Etfw"">June 15, 2025</a></blockquote>",0.1953573090955615
2025-06-15 02:59:00-04,@cryptoquant_com,"Read the full breakdown â¤µï¸ <blockquote class=""twitter-tweet""><p dir=""ltr"" lang=""en"">Read the full breakdown â¤µï¸<a href=""https://t.co/eM5hTOoUC5"">https://t.co/eM5hTOoUC5</a></p>â€” CryptoQuant.com (@cryptoquant_com) <a href=""https://twitter.com/cryptoquant_com/status/1934143586351628399?ref_src=twsrc%5Etfw"">June 15, 2025</a></blockquote>",-0.010736096029480299
2025-06-15 03:11:00-04,@saylor,"â‚¿uy Cyber Manhattan <blockquote class=""twitter-tweet""><p dir=""ltr"" lang=""en"">â‚¿uy Cyber Manhattan <a href=""https://t.co/5jG2rRXFC8"">pic.twitter.com/5jG2rRXFC8</a></p>â€” Michael Saylor (@saylor) <a href=""https://twitter.com/saylor/status/1934146791798358464?ref_src=twsrc%5Etfw"">June 15, 2025</a></blockquote>",0.1851019283135732
2025-06-15 03:32:00-04,@nsitharamanoffc,"Smt @nsitharaman handed over sanction letters from banks to beneficiaries under various Central Government schemes during the Credit Outreach Programme in Leh, Ladakh. <blockquote class=""twitter-tweet""><p dir=""ltr"" lang=""en"">Smt <a href=""https://twitter.com/nsitharaman?ref_src=twsrc%5Etfw"">@nsitharaman</a> handed over sanction letters from banks to beneficiaries under various Central Government schemes during the Credit Outreach Programme in Leh, Ladakh. <a href=""https://t.co/Rbnw75ExFT"">pic.twitter.com/Rbnw75ExFT</a></p>â€” Nirmala Sitharaman Office (@nsitharamanoffc) <a href=""https://twitter.com/nsitharamanoffc/status/1934152119705317823?ref_src=twsrc%5Etfw"">June 15, 2025</a></blockquote>",0.08362430793543657
2025-06-15 03:32:54-04,@FinMinIndia,"RT by @FinMinIndia: Smt @nsitharaman handed over sanction letters from banks to beneficiaries under various Central Government schemes during the Credit Outreach Programme in Leh, Ladakh. <blockquote class=""twitter-tweet""><p dir=""ltr"" lang=""en"">Smt <a href=""https://twitter.com/nsitharaman?ref_src=twsrc%5Etfw"">@nsitharaman</a> handed over sanction letters from banks to beneficiaries under various Central Government schemes during the Credit Outreach Programme in Leh, Ladakh. <a href=""https://t.co/Rbnw75ExFT"">pic.twitter.com/Rbnw75ExFT</a></p>â€” Nirmala Sitharaman Office (@nsitharamanoffc) <a href=""https://twitter.com/nsitharamanoffc/status/1934152119705317823?ref_src=twsrc%5Etfw"">June 15, 2025</a></blockquote>",0.0809273740897576
2025-06-15 03:34:00-04,@nsitharamanoffc,"Loans worth Rs 5.13 crore were disbursed during the Credit Outreach to beneficiaries under different schemes including PM MUDRA, PM Vishwakarma, PMEGP, PM Micro Food Processing Enterprises Scheme (PM FME), Joint Liability Group (JLG) loans, etc. <blockquote class=""twitter-tweet""><p dir=""ltr"" lang=""en"">Loans worth Rs 5.13 crore were disbursed during the Credit Outreach to beneficiaries under different schemes including PM MUDRA, PM Vishwakarma, PMEGP, PM Micro Food Processing Enterprises Scheme (PM FME), Joint Liability Group (JLG) loans, etc. <a href=""https://t.co/hRFcubtW7W"">https://t.co/hRFcubtW7W</a> <a href=""https://t.co/4UXQigzPKi"">pic.twitter.com/4UXQigzPKi</a></p>â€” Nirmala Sitharaman Office (@nsitharamanoffc) <a href=""https://twitter.com/nsitharamanoffc/status/1934152488111735197?ref_src=twsrc%5Etfw"">June 15, 2025</a></blockquote>",0.1091158909102281
2025-06-15 03:34:22-04,@FinMinIndia,"RT by @FinMinIndia: Loans worth Rs 5.13 crore were disbursed during the Credit Outreach to beneficiaries under different schemes including PM MUDRA, PM Vishwakarma, PMEGP, PM Micro Food Processing Enterprises Scheme (PM FME), Joint Liability Group (JLG) loans, etc. <blockquote class=""twitter-tweet""><p dir=""ltr"" lang=""en"">Loans worth Rs 5.13 crore were disbursed during the Credit Outreach to beneficiaries under different schemes including PM MUDRA, PM Vishwakarma, PMEGP, PM Micro Food Processing Enterprises Scheme (PM FME), Joint Liability Group (JLG) loans, etc. <a href=""https://t.co/hRFcubtW7W"">https://t.co/hRFcubtW7W</a> <a href=""https://t.co/4UXQigzPKi"">pic.twitter.com/4UXQigzPKi</a></p>â€” Nirmala Sitharaman Office (@nsitharamanoffc) <a href=""https://twitter.com/nsitharamanoffc/status/1934152488111735197?ref_src=twsrc%5Etfw"">June 15, 2025</a></blockquote>",0.1036592949181795
2025-06-15 03:37:00-04,@nsitharamanoffc,"Smt @nsitharaman addresses the audience during the Credit Outreach ProgrammeÂ inÂ Leh,Â Ladakh. <blockquote class=""twitter-tweet""><p dir=""ltr"" lang=""en"">Smt <a href=""https://twitter.com/nsitharaman?ref_src=twsrc%5Etfw"">@nsitharaman</a> addresses the audience during the Credit Outreach ProgrammeÂ inÂ Leh,Â Ladakh. <a href=""https://t.co/FVKu1KHzH2"">pic.twitter.com/FVKu1KHzH2</a></p>â€” Nirmala Sitharaman Office (@nsitharamanoffc) <a href=""https://twitter.com/nsitharamanoffc/status/1934153305405427885?ref_src=twsrc%5Etfw"">June 15, 2025</a></blockquote>",-0.002832472945253054
2025-06-15 03:37:37-04,@FinMinIndia,"RT by @FinMinIndia: Smt @nsitharaman addresses the audience during the Credit Outreach Programme in Leh, Ladakh. <blockquote class=""twitter-tweet""><p dir=""ltr"" lang=""en"">Smt <a href=""https://twitter.com/nsitharaman?ref_src=twsrc%5Etfw"">@nsitharaman</a> addresses the audience during the Credit Outreach ProgrammeÂ inÂ Leh,Â Ladakh. <a href=""https://t.co/FVKu1KHzH2"">pic.twitter.com/FVKu1KHzH2</a></p>â€” Nirmala Sitharaman Office (@nsitharamanoffc) <a href=""https://twitter.com/nsitharamanoffc/status/1934153305405427885?ref_src=twsrc%5Etfw"">June 15, 2025</a></blockquote>",-0.0007152104129393896
2025-06-15 03:40:00-04,@cz_binance,"Happy Father's Day! If your dad is not in crypto, a few BNB to get them started might be the perfect gift. Just saying... <blockquote class=""twitter-tweet""><p dir=""ltr"" lang=""en"">Happy Father's Day!<br /><br />If your dad is not in crypto, a few BNB to get them started might be the perfect gift. Just saying... <a href=""https://t.co/lz7x1rucc0"">https://t.co/lz7x1rucc0</a></p>â€” CZ ğŸ”¶ BNB (@cz_binance) <a href=""https://twitter.com/cz_binance/status/1934154026813374810?ref_src=twsrc%5Etfw"">June 15, 2025</a></blockquote>",0.09044608699956111
2025-06-15 03:40:29-04,@cz_binance,"Happy Father's Day! If your dad is not in crypto, a few BNB to get them started might be the perfect gift. Just saying... <blockquote class=""twitter-tweet""><p dir=""ltr"" lang=""en"">Happy Father's Day!<br /><br />If your dad is not in crypto, a few BNB to get them started might be the perfect gift. Just saying... <a href=""https://t.co/lz7x1rucc0"">https://t.co/lz7x1rucc0</a></p>â€” CZ ğŸ”¶ BNB (@cz_binance) <a href=""https://twitter.com/cz_binance/status/1934154026813374810?ref_src=twsrc%5Etfw"">June 15, 2025</a></blockquote>",0.11504186851282915
2025-06-15 04:35:15-04,@cz_binance,"å†™çš„å¾ˆå¥½ï¼Œå¾ˆç»†ã€‚ğŸ™ <blockquote class=""twitter-tweet""><p dir=""ltr"" lang=""zh"">å†™çš„å¾ˆå¥½ï¼Œå¾ˆç»†ã€‚ğŸ™ <a href=""https://t.co/KV8JhGC1k0"">https://t.co/KV8JhGC1k0</a></p>â€” CZ ğŸ”¶ BNB (@cz_binance) <a href=""https://twitter.com/cz_binance/status/1934167807308054773?ref_src=twsrc%5Etfw"">June 15, 2025</a></blockquote>",0.06343894973397256
2025-06-15 05:16:00-04,@whale_alert,"â„ An address with a balance of 12,369,162 #USDT (12,383,670 USD) has just been frozen! <blockquote class=""twitter-tweet""><p dir=""ltr"" lang=""en"">â„  An address with a balance of 12,369,162 <a href=""https://twitter.com/hashtag/USDT?src=hash&amp;ref_src=twsrc%5Etfw"">#USDT</a> (12,383,670 USD) has just been frozen!<a href=""https://t.co/nU14zLthHg"">https://t.co/nU14zLthHg</a></p>â€” Whale Alert (@whale_alert) <a href=""https://twitter.com/whale_alert/status/1934178285052625342?ref_src=twsrc%5Etfw"">June 15, 2025</a></blockquote>",-0.36119488589465615
2025-06-15 05:21:00-04,@nsitharamanoffc,"Smt @nsitharaman interacts with Brigadier (Dr) BD Mishra (Retd), Hon'ble Lieutenant Governor of Ladakh. @lg_ladakh <blockquote class=""twitter-tweet""><p dir=""ltr"" lang=""en"">Smt <a href=""https://twitter.com/nsitharaman?ref_src=twsrc%5Etfw"">@nsitharaman</a> interacts with Brigadier (Dr) BD Mishra (Retd), Hon'ble Lieutenant Governor of Ladakh. <a href=""https://twitter.com/lg_ladakh?ref_src=twsrc%5Etfw"">@lg_ladakh</a> <a href=""https://t.co/BOu322KWzV"">pic.twitter.com/BOu322KWzV</a></p>â€” Nirmala Sitharaman Office (@nsitharamanoffc) <a href=""https://twitter.com/nsitharamanoffc/status/1934179485554966696?ref_src=twsrc%5Etfw"">June 15, 2025</a></blockquote>",-0.006629234179854393
2025-06-15 05:27:00-04,@nsitharamanoffc,"RT by @nsitharamanoffc: India is the global leader in Fintech adoption. The Digital Payments Awards 2025 will celebrate this hard-earned feat by recognising the contribution of those who made it possible.#IndiaSwipesAhead #DigitalPaymentsAwards2025 <blockquote class=""twitter-tweet""><p dir=""ltr"" lang=""en"">India is the global leader in Fintech adoption. <br /><br />The Digital Payments Awards 2025 will celebrate this hard-earned feat by recognising the contribution of those who made it possible.<a href=""https://twitter.com/hashtag/IndiaSwipesAhead?src=hash&amp;ref_src=twsrc%5Etfw"">#IndiaSwipesAhead</a> <a href=""https://twitter.com/hashtag/DigitalPaymentsAwards2025?src=hash&amp;ref_src=twsrc%5Etfw"">#DigitalPaymentsAwards2025</a> <a href=""https://t.co/chqXknASni"">pic.twitter.com/chqXknASni</a></p>â€” Ministry of Finance (@FinMinIndia) <a href=""https://twitter.com/FinMinIndia/status/1934180971659526293?ref_src=twsrc%5Etfw"">June 15, 2025</a></blockquote>",0.35197299172480906
2025-06-15 05:37:40-04,@MFA_China,"RT by @MFA_China: Viet Nam, welcome to the #BRICS family! <blockquote class=""twitter-tweet""><p dir=""ltr"" lang=""en"">Viet Nam, welcome to the <a href=""https://twitter.com/hashtag/BRICS?src=hash&amp;ref_src=twsrc%5Etfw"">#BRICS</a> family! <a href=""https://t.co/5oZ4OfYgjn"">pic.twitter.com/5oZ4OfYgjn</a></p>â€” Mao Ning æ¯›å® (@SpoxCHN_MaoNing) <a href=""https://twitter.com/SpoxCHN_MaoNing/status/1934183516537041184?ref_src=twsrc%5Etfw"">June 15, 2025</a></blockquote>",0.39652549823125205
2025-06-15 06:22:23-04,@MFA_China,"RT by @MFA_China: Delighted to attend #AsiaFolk again, and meet the #Chinese artists from Inner Mongolia and Gansu. The Inner Mongolian singer's long-song at the opening ceremony is truly beautiful! ğŸ¤ As the world just celebrated the first International Day for #DialogueAmongCivilizations, suchâ€¦ <blockquote class=""twitter-tweet""><p dir=""ltr"" lang=""en"">Delighted to attend <a href=""https://twitter.com/hashtag/AsiaFolk?src=hash&amp;ref_src=twsrc%5Etfw"">#AsiaFolk</a> again, and meet the <a href=""https://twitter.com/hashtag/Chinese?src=hash&amp;ref_src=twsrc%5Etfw"">#Chinese</a> artists from Inner Mongolia and Gansu. The Inner Mongolian singer's long-song at the opening ceremony is truly beautiful! ğŸ¤<br />As the world just celebrated the first International Day for <a href=""https://twitter.com/hashtag/DialogueAmongCivilizations?src=hash&amp;ref_src=twsrc%5Etfw"">#DialogueAmongCivilizations</a>, suchâ€¦ <a href=""https://t.co/QwWN6WbbTQ"">pic.twitter.com/QwWN6WbbTQ</a></p>â€” Ğ¨ÑĞ½ÑŒ ĞœĞ¸Ğ½ÑŒĞ¶ÑƒĞ°Ğ½ÑŒ æ²ˆæ•å¨Ÿ Shen Minjuan (@ChnAmbMongolia) <a href=""https://twitter.com/ChnAmbMongolia/status/1934194770399625392?ref_src=twsrc%5Etfw"">June 15, 2025</a></blockquote>",0.36745312679559
2025-06-15 06:39:00-04,@FinMinIndia,"RT by @FinMinIndia: Hon'ble Lt Governor Brig (Dr) BD Mishra (Retd) and First Lady Neelam Mishra met Hon'ble #Finance Minister, Ms Nirmala Sitharaman, who is on a four-day visit to #Ladakh. The HLG discussed various issues related to the development of #Ladakh with the Hon'ble Finance Minister. <blockquote class=""twitter-tweet""><p dir=""ltr"" lang=""en"">Hon'ble Lt Governor Brig (Dr) BD Mishra (Retd) and First Lady Neelam Mishra met Hon'ble <a href=""https://twitter.com/hashtag/Finance?src=hash&amp;ref_src=twsrc%5Etfw"">#Finance</a> Minister, Ms Nirmala Sitharaman, who is on a four-day visit to <a href=""https://twitter.com/hashtag/Ladakh?src=hash&amp;ref_src=twsrc%5Etfw"">#Ladakh</a>. The HLG discussed various issues related to the development of <a href=""https://twitter.com/hashtag/Ladakh?src=hash&amp;ref_src=twsrc%5Etfw"">#Ladakh</a> with the Hon'ble Finance Minister. <a href=""https://t.co/3D8FOi86bq"">pic.twitter.com/3D8FOi86bq</a></p>â€” Office of the Lt. Governor, Ladakh (@lg_ladakh) <a href=""https://twitter.com/lg_ladakh/status/1934198972723192165?ref_src=twsrc%5Etfw"">June 15, 2025</a></blockquote>",0.04958663148184617
2025-06-15 06:39:05-04,@nsitharamanoffc,"RT by @nsitharamanoffc: Hon'ble Lt Governor Brig (Dr) BD Mishra (Retd) and First Lady Neelam Mishra met Hon'ble #Finance Minister, Ms Nirmala Sitharaman, who is on a four-day visit to #Ladakh. The HLG discussed various issues related to the development of #Ladakh with the Hon'ble Finance Minister. <blockquote class=""twitter-tweet""><p dir=""ltr"" lang=""en"">Hon'ble Lt Governor Brig (Dr) BD Mishra (Retd) and First Lady Neelam Mishra met Hon'ble <a href=""https://twitter.com/hashtag/Finance?src=hash&amp;ref_src=twsrc%5Etfw"">#Finance</a> Minister, Ms Nirmala Sitharaman, who is on a four-day visit to <a href=""https://twitter.com/hashtag/Ladakh?src=hash&amp;ref_src=twsrc%5Etfw"">#Ladakh</a>. The HLG discussed various issues related to the development of <a href=""https://twitter.com/hashtag/Ladakh?src=hash&amp;ref_src=twsrc%5Etfw"">#Ladakh</a> with the Hon'ble Finance Minister. <a href=""https://t.co/3D8FOi86bq"">pic.twitter.com/3D8FOi86bq</a></p>â€” Office of the Lt. Governor, Ladakh (@lg_ladakh) <a href=""https://twitter.com/lg_ladakh/status/1934198972723192165?ref_src=twsrc%5Etfw"">June 15, 2025</a></blockquote>",0.014217540621757507
2025-06-15 07:02:00-04,@FinMinIndia,"RT by @FinMinIndia: A #Fake approval letter claims to grant a loan of â‚¹5,00,000 under PM Mudra Yojana on payment of â‚¹2,100#PIBFactCheck âœ”ï¸@FinMinIndia has not issued this letter âœ”ï¸Refinancing Agency - MUDRA doesn't lend directly to micro-entrepreneurs/individuals ğŸ”— <blockquote class=""twitter-tweet""><p dir=""ltr"" lang=""en"">A <a href=""https://twitter.com/hashtag/Fake?src=hash&amp;ref_src=twsrc%5Etfw"">#Fake</a> approval letter claims to grant a loan of â‚¹5,00,000 under PM Mudra Yojana on payment of â‚¹2,100<a href=""https://twitter.com/hashtag/PIBFactCheck?src=hash&amp;ref_src=twsrc%5Etfw"">#PIBFactCheck</a><br /><br />âœ”ï¸<a href=""https://twitter.com/FinMinIndia?ref_src=twsrc%5Etfw"">@FinMinIndia</a> has not issued this letter<br /><br />âœ”ï¸Refinancing Agency - MUDRA doesn't lend directly to micro-entrepreneurs/individuals<br /><br />ğŸ”—<a href=""https://t.co/cQ5DW69qkT"">https://t.co/cQ5DW69qkT</a> <a href=""https://t.co/O7Hx8uYcUx"">pic.twitter.com/O7Hx8uYcUx</a></p>â€” PIB Fact Check (@PIBFactCheck) <a href=""https://twitter.com/PIBFactCheck/status/1934204921492259060?ref_src=twsrc%5Etfw"">June 15, 2025</a></blockquote>",-0.007730957120656967
2025-06-15 07:07:29-04,@WarrenDavidson,"No sanctuary states. No sanctuary cities. No sanctuary farms. No sanctuary hotels. No sanctuary! <blockquote class=""twitter-tweet""><p dir=""ltr"" lang=""en"">No sanctuary states.<br />No sanctuary cities.<br />No sanctuary farms.<br />No sanctuary hotels.<br />No sanctuary!</p>â€” Warren Davidson ğŸ‡ºğŸ‡¸ (@WarrenDavidson) <a href=""https://twitter.com/WarrenDavidson/status/1934206119804555283?ref_src=twsrc%5Etfw"">June 15, 2025</a></blockquote>",-0.008246782546242079
2025-06-15 07:15:50-04,@BitcoinMagazine,"""We don't need the banks anymore."" - Jack Dorsey on #Bitcoin <blockquote class=""twitter-tweet""><p dir=""ltr"" lang=""en"">""We don't need the banks anymore."" <br />- Jack Dorsey on <a href=""https://twitter.com/hashtag/Bitcoin?src=hash&amp;ref_src=twsrc%5Etfw"">#Bitcoin</a> <a href=""https://t.co/hSuDFOyAH8"">pic.twitter.com/hSuDFOyAH8</a></p>â€” Bitcoin Magazine (@BitcoinMagazine) <a href=""https://twitter.com/BitcoinMagazine/status/1934208222056849665?ref_src=twsrc%5Etfw"">June 15, 2025</a></blockquote>",0.21402099629243213
2025-06-15 08:00:05-04,@BitcoinMagazine,"JUST IN: ğŸ‡»ğŸ‡³ Vietnamâ€™s National Assembly approves the Law to legalise crypto. <blockquote class=""twitter-tweet""><p dir=""ltr"" lang=""en"">JUST IN: ğŸ‡»ğŸ‡³ Vietnamâ€™s National Assembly approves the Law to legalise crypto. <a href=""https://t.co/3l82lUJko7"">pic.twitter.com/3l82lUJko7</a></p>â€” Bitcoin Magazine (@BitcoinMagazine) <a href=""https://twitter.com/BitcoinMagazine/status/1934219359272190130?ref_src=twsrc%5Etfw"">June 15, 2025</a></blockquote>",0.5181626559545597
2025-06-15 08:03:00-04,@saylor,"Bigger Dots are â‚¿etter <blockquote class=""twitter-tweet""><p dir=""ltr"" lang=""en"">Bigger Dots are â‚¿etter <a href=""https://t.co/vm1UItzmRb"">pic.twitter.com/vm1UItzmRb</a></p>â€” Michael Saylor (@saylor) <a href=""https://twitter.com/saylor/status/1934220313405100289?ref_src=twsrc%5Etfw"">June 15, 2025</a></blockquote>",0.053118204410587046
2025-06-15 08:03:53-04,@saylor,"Bigger Dots are â‚¿etter <blockquote class=""twitter-tweet""><p dir=""ltr"" lang=""en"">Bigger Dots are â‚¿etter <a href=""https://t.co/vm1UItzmRb"">pic.twitter.com/vm1UItzmRb</a></p>â€” Michael Saylor (@saylor) <a href=""https://twitter.com/saylor/status/1934220313405100289?ref_src=twsrc%5Etfw"">June 15, 2025</a></blockquote>",0.060791538655757905
2025-06-15 08:07:00-04,@nsitharamanoffc,"Glimpses from the visit. <blockquote class=""twitter-tweet""><p dir=""ltr"" lang=""en"">Glimpses from the visit. <a href=""https://t.co/887jvNirAY"">pic.twitter.com/887jvNirAY</a></p>â€” Nirmala Sitharaman Office (@nsitharamanoffc) <a href=""https://twitter.com/nsitharamanoffc/status/1934221341881962941?ref_src=twsrc%5Etfw"">June 15, 2025</a></blockquote>",-0.0025013859073321023
2025-06-15 08:07:00-04,@FinMinIndia,"RT by @FinMinIndia: Glimpses from the visit. <blockquote class=""twitter-tweet""><p dir=""ltr"" lang=""en"">Glimpses from the visit. <a href=""https://t.co/887jvNirAY"">pic.twitter.com/887jvNirAY</a></p>â€” Nirmala Sitharaman Office (@nsitharamanoffc) <a href=""https://twitter.com/nsitharamanoffc/status/1934221341881962941?ref_src=twsrc%5Etfw"">June 15, 2025</a></blockquote>",-1.914675037066142e-05
2025-06-15 08:14:00-04,@nsitharamanoffc,"RT by @nsitharamanoffc: Landed in Cyprus. My gratitude to the President of Cyprus, Mr. Nikos Christodoulides for the special gesture of welcoming me at the airport. This visit will add significant momentum to India-Cyprus relations, especially in areas like trade, investment and more.@Christodulides <blockquote class=""twitter-tweet""><p dir=""ltr"" lang=""en"">Landed in Cyprus. My gratitude to the President of Cyprus, Mr. Nikos Christodoulides for the special gesture of welcoming me at the airport. This visit will add significant momentum to India-Cyprus relations, especially in areas like trade, investment and more.<a href=""https://twitter.com/Christodulides?ref_src=twsrc%5Etfw"">@Christodulides</a> <a href=""https://t.co/szAeUzVCem"">pic.twitter.com/szAeUzVCem</a></p>â€” Narendra Modi (@narendramodi) <a href=""https://twitter.com/narendramodi/status/1934222896290762839?ref_src=twsrc%5Etfw"">June 15, 2025</a></blockquote>",0.3071087740982572
2025-06-15 08:14:00-04,@narendramodi,"Landed in Cyprus. My gratitude to the President of Cyprus, Mr. Nikos Christodoulides for the special gesture of welcoming me at the airport. This visit will add significant momentum to India-Cyprus relations, especially in areas like trade, investment and more.@Christodulides <blockquote class=""twitter-tweet""><p dir=""ltr"" lang=""en"">Landed in Cyprus. My gratitude to the President of Cyprus, Mr. Nikos Christodoulides for the special gesture of welcoming me at the airport. This visit will add significant momentum to India-Cyprus relations, especially in areas like trade, investment and more.<a href=""https://twitter.com/Christodulides?ref_src=twsrc%5Etfw"">@Christodulides</a> <a href=""https://t.co/szAeUzVCem"">pic.twitter.com/szAeUzVCem</a></p>â€” Narendra Modi (@narendramodi) <a href=""https://twitter.com/narendramodi/status/1934222896290762839?ref_src=twsrc%5Etfw"">June 15, 2025</a></blockquote>",0.6494086400916179
2025-06-15 08:15:00-04,@narendramodi,"ÎˆÏ†Î¸Î±ÏƒÎ± ÏƒÏ„Î·Î½ ÎšÏÏ€ÏÎ¿. Î•ÎºÏ†ÏÎ¬Î¶Ï‰ Ï„Î·Î½ ÎµÏ…Î³Î½Ï‰Î¼Î¿ÏƒÏÎ½Î· Î¼Î¿Ï… ÏƒÏ„Î¿Î½ Î ÏÏŒÎµÎ´ÏÎ¿ Ï„Î·Ï‚ ÎšÏÏ€ÏÎ¿Ï…, ÎšÎ¿. ÎÎ¯ÎºÎ¿ Î§ÏÎ¹ÏƒÏ„Î¿Î´Î¿Ï…Î»Î¯Î´Î· Î³Î¹Î± Ï„Î·Î½ Î¾ÎµÏ‡Ï‰ÏÎ¹ÏƒÏ„Î® Ï‡ÎµÎ¹ÏÎ¿Î½Î¿Î¼Î¯Î± ÎºÎ±Î¹ Î³Î¹Î± Ï„Î·Î½ Ï…Ï€Î¿Î´Î¿Ï‡Î® Î¼Î¿Ï… ÏƒÏ„Î¿ Î±ÎµÏÎ¿Î´ÏÏŒÎ¼Î¹Î¿. Î‘Ï…Ï„Î® Î· ÎµÏ€Î¯ÏƒÎºÎµÏˆÎ· Î¸Î± Ï€ÏÎ¿ÏƒÎ¸Î­ÏƒÎµÎ¹ ÏƒÎ·Î¼Î±Î½Ï„Î¹ÎºÎ­Ï‚ ÏÎ¸Î·ÏƒÎ· ÏƒÏ„Î¹Ï‚ ÏƒÏ‡Î­ÏƒÎµÎ¹Ï‚ Î™Î½Î´Î¯Î±Ï‚-ÎšÏÏ€ÏÎ¿Ï…, ÎµÎ¹Î´Î¹ÎºÎ¬ ÏƒÎµ Ï„Î¿Î¼ÎµÎ¯Ï‚ ÏŒÏ€Ï‰Ï‚ Ï„Î¿ ÎµÎ¼Ï€ÏŒÏÎ¹Î¿, Ï„Î¹Ï‚â€¦ <blockquote class=""twitter-tweet""><p dir=""ltr"" lang=""el"">ÎˆÏ†Î¸Î±ÏƒÎ± ÏƒÏ„Î·Î½ ÎšÏÏ€ÏÎ¿.  Î•ÎºÏ†ÏÎ¬Î¶Ï‰ Ï„Î·Î½ ÎµÏ…Î³Î½Ï‰Î¼Î¿ÏƒÏÎ½Î· Î¼Î¿Ï… ÏƒÏ„Î¿Î½ Î ÏÏŒÎµÎ´ÏÎ¿ Ï„Î·Ï‚ ÎšÏÏ€ÏÎ¿Ï…,  ÎšÎ¿. ÎÎ¯ÎºÎ¿ Î§ÏÎ¹ÏƒÏ„Î¿Î´Î¿Ï…Î»Î¯Î´Î· Î³Î¹Î± Ï„Î·Î½ Î¾ÎµÏ‡Ï‰ÏÎ¹ÏƒÏ„Î® Ï‡ÎµÎ¹ÏÎ¿Î½Î¿Î¼Î¯Î± ÎºÎ±Î¹ Î³Î¹Î± Ï„Î·Î½ Ï…Ï€Î¿Î´Î¿Ï‡Î® Î¼Î¿Ï… ÏƒÏ„Î¿ Î±ÎµÏÎ¿Î´ÏÏŒÎ¼Î¹Î¿.  Î‘Ï…Ï„Î® Î· ÎµÏ€Î¯ÏƒÎºÎµÏˆÎ· Î¸Î± Ï€ÏÎ¿ÏƒÎ¸Î­ÏƒÎµÎ¹ ÏƒÎ·Î¼Î±Î½Ï„Î¹ÎºÎ­Ï‚ ÏÎ¸Î·ÏƒÎ· ÏƒÏ„Î¹Ï‚ ÏƒÏ‡Î­ÏƒÎµÎ¹Ï‚ Î™Î½Î´Î¯Î±Ï‚-ÎšÏÏ€ÏÎ¿Ï…,  ÎµÎ¹Î´Î¹ÎºÎ¬ ÏƒÎµ Ï„Î¿Î¼ÎµÎ¯Ï‚ ÏŒÏ€Ï‰Ï‚ Ï„Î¿ ÎµÎ¼Ï€ÏŒÏÎ¹Î¿,  Ï„Î¹Ï‚â€¦ <a href=""https://t.co/Vkc2mwP10a"">pic.twitter.com/Vkc2mwP10a</a></p>â€” Narendra Modi (@narendramodi) <a href=""https://twitter.com/narendramodi/status/1934223215435641208?ref_src=twsrc%5Etfw"">June 15, 2025</a></blockquote>",0.188590531796217
2025-06-15 08:21:52-04,@BitcoinMagazine,"JUST IN: Michael Saylor posted the Saylor #Bitcoin tracker again ğŸ‘€ Strategy always announce another BTC purchase the next day ğŸš€ <blockquote class=""twitter-tweet""><p dir=""ltr"" lang=""en"">JUST IN: Michael Saylor posted the Saylor <a href=""https://twitter.com/hashtag/Bitcoin?src=hash&amp;ref_src=twsrc%5Etfw"">#Bitcoin</a> tracker again ğŸ‘€           <br /><br />Strategy always announce another BTC purchase the next day ğŸš€ <a href=""https://t.co/vjpZkr1N2d"">pic.twitter.com/vjpZkr1N2d</a></p>â€” Bitcoin Magazine (@BitcoinMagazine) <a href=""https://twitter.com/BitcoinMagazine/status/1934224839826669637?ref_src=twsrc%5Etfw"">June 15, 2025</a></blockquote>",0.474755139897267
2025-06-15 08:23:00-04,@balajis,"We needed Bitcoin, Ethereum, Solana, and Base. We needed USDC and USDT. And we also needed to win politically. But now all the infrastructure is there. And we finally have Internet First payments. <blockquote class=""twitter-tweet""><p dir=""ltr"" lang=""en"">We needed Bitcoin, Ethereum, Solana, and Base.<br />We needed USDC and USDT.<br />And we also needed to win politically.<br />But now all the infrastructure is there.<br />And we finally have Internet First payments. <a href=""https://t.co/MFZsnfwOGg"">https://t.co/MFZsnfwOGg</a></p>â€” Balaji (@balajis) <a href=""https://twitter.com/balajis/status/1934225211471405567?ref_src=twsrc%5Etfw"">June 15, 2025</a></blockquote>",0.4862581819295883
2025-06-15 08:25:00-04,@WatcherGuru,"JUST IN: Michael Saylor hints at buying more Bitcoin. ""Bigger Dots are â‚¿etter."" <blockquote class=""twitter-tweet""><p dir=""ltr"" lang=""en"">JUST IN: Michael Saylor hints at buying more Bitcoin. <br /><br />""Bigger Dots are â‚¿etter."" <a href=""https://t.co/neJGKMTW4Z"">pic.twitter.com/neJGKMTW4Z</a></p>â€” Watcher.Guru (@WatcherGuru) <a href=""https://twitter.com/WatcherGuru/status/1934225719950704888?ref_src=twsrc%5Etfw"">June 15, 2025</a></blockquote>",0.4818672940135002
2025-06-15 08:31:00-04,@FinMinIndia,"RT by @FinMinIndia: Union Finance Minister @nsitharaman visits Hemis Gompa, a Buddhist monastery of the Drukpa Lineage in Leh, Ladakh. <blockquote class=""twitter-tweet""><p dir=""ltr"" lang=""en"">Union Finance Minister <a href=""https://twitter.com/nsitharaman?ref_src=twsrc%5Etfw"">@nsitharaman</a> visits Hemis Gompa, a Buddhist monastery of the Drukpa Lineage in Leh, Ladakh. <a href=""https://t.co/4t945LjsBa"">pic.twitter.com/4t945LjsBa</a></p>â€” PIB in Jammu Kashmir & Ladakh (@PIBSrinagar) <a href=""https://twitter.com/PIBSrinagar/status/1934227339673550945?ref_src=twsrc%5Etfw"">June 15, 2025</a></blockquote>",0.23494591588775315
2025-06-15 08:32:00-04,@SenSchumer,"To all the dads across America and around the world: Wishing you a very Happy Fatherâ€™s Day with your family! <blockquote class=""twitter-tweet""><p dir=""ltr"" lang=""en"">To all the dads across America and around the world:<br /><br />Wishing you a very Happy Fatherâ€™s Day with your family!</p>â€” Chuck Schumer (@SenSchumer) <a href=""https://twitter.com/SenSchumer/status/1934227598638518471?ref_src=twsrc%5Etfw"">June 15, 2025</a></blockquote>",0.28398404916127523
2025-06-15 08:36:29-04,@SenRandPaul,"He stood alone more times than most ever will, and never wavered. Happy Fatherâ€™s Day to my dad, Dr. Ron Paul, who taught me courage, conviction, and constitutional principle. Wishing every dad a great day today. <blockquote class=""twitter-tweet""><p dir=""ltr"" lang=""en"">He stood alone more times than most ever will, and never wavered. <br /><br />Happy Fatherâ€™s Day to my dad, Dr. Ron Paul, who taught me courage, conviction, and constitutional principle.<br /><br />Wishing every dad a great day today. <a href=""https://t.co/VHi3XBxhwz"">pic.twitter.com/VHi3XBxhwz</a></p>â€” Senator Rand Paul (@SenRandPaul) <a href=""https://twitter.com/SenRandPaul/status/1934228517849559144?ref_src=twsrc%5Etfw"">June 15, 2025</a></blockquote>",0.02665598690509796
2025-06-15 08:40:00-04,@nsitharamanoffc,"Smt @nsitharaman interacts with former MP (RS) Rev. Thiksay Khenpo Rinpoche. He is the incumbent head of Thiksey Gompa in Ladakh and is also a Padma Shri awardee. <blockquote class=""twitter-tweet""><p dir=""ltr"" lang=""en"">Smt <a href=""https://twitter.com/nsitharaman?ref_src=twsrc%5Etfw"">@nsitharaman</a> interacts with former MP (RS) Rev. Thiksay Khenpo Rinpoche.<br /><br />He is the incumbent head of Thiksey Gompa in Ladakh and is also a Padma Shri awardee. <a href=""https://t.co/fdYHoMgDbx"">pic.twitter.com/fdYHoMgDbx</a></p>â€” Nirmala Sitharaman Office (@nsitharamanoffc) <a href=""https://twitter.com/nsitharamanoffc/status/1934229551288041782?ref_src=twsrc%5Etfw"">June 15, 2025</a></blockquote>",0.23174717240035533
2025-06-15 08:41:00-04,@PMOIndia,"PM @narendramodi arrived in Cyprus a short while ago. In a warm gesture, the PM was received by President @Christodulides at the airport. <blockquote class=""twitter-tweet""><p dir=""ltr"" lang=""en"">PM <a href=""https://twitter.com/narendramodi?ref_src=twsrc%5Etfw"">@narendramodi</a> arrived in Cyprus a short while ago. In a warm gesture, the PM was received by President <a href=""https://twitter.com/Christodulides?ref_src=twsrc%5Etfw"">@Christodulides</a> at the airport. <a href=""https://t.co/LrtQc7GUIe"">pic.twitter.com/LrtQc7GUIe</a></p>â€” PMO India (@PMOIndia) <a href=""https://twitter.com/PMOIndia/status/1934229830754848782?ref_src=twsrc%5Etfw"">June 15, 2025</a></blockquote>",0.2797630613669753
2025-06-15 08:50:11-04,@intotheblock,"Sustainable DeFi yield can only exist where there's real economic value. In this report, our head of lending dives into the topic of real yield and analyzes the current gapsğŸ‘‡ sentora.com/reports/real-yâ€¦ <blockquote class=""twitter-tweet""><p dir=""ltr"" lang=""en"">Sustainable DeFi yield can only exist where there's real economic value. <br /><br />In this report, our head of lending dives into the topic of real yield and analyzes the current gapsğŸ‘‡<a href=""https://t.co/A8KPg36jDr"">https://t.co/A8KPg36jDr</a></p>â€” Sentora (previously IntoTheBlock) (@SentoraHQ) <a href=""https://twitter.com/SentoraHQ/status/1934231965621792789?ref_src=twsrc%5Etfw"">June 15, 2025</a></blockquote>",0.06580024796227614
2025-06-15 08:58:00-04,@MMCrypto,"BITCOIN: W-PATTERN FAILED âŒ ASCENDING TRIANGLE âœ… <blockquote class=""twitter-tweet""><p dir=""ltr"" lang=""en"">BITCOIN: <br /><br />W-PATTERN FAILED âŒ<br />ASCENDING TRIANGLE âœ… <a href=""https://t.co/P3lwb5M2lu"">https://t.co/P3lwb5M2lu</a> <a href=""https://t.co/UtaPsMRC2b"">pic.twitter.com/UtaPsMRC2b</a></p>â€” MMCrypto (@MMCrypto) <a href=""https://twitter.com/MMCrypto/status/1934234148790542430?ref_src=twsrc%5Etfw"">June 15, 2025</a></blockquote>",0.18984414090712864
2025-06-15 09:04:50-04,@BitcoinMagazine,"BREAKING: ğŸ‡µğŸ‡° Pakistanâ€™s Finance Minister Muhammad Aurangzeb just talked with Michael Saylor about #Bitcoin Nation States are here ğŸš€ <blockquote class=""twitter-tweet""><p dir=""ltr"" lang=""en"">BREAKING: ğŸ‡µğŸ‡° Pakistanâ€™s Finance Minister Muhammad Aurangzeb just talked with Michael Saylor about <a href=""https://twitter.com/hashtag/Bitcoin?src=hash&amp;ref_src=twsrc%5Etfw"">#Bitcoin</a> <br /><br />Nation States are here ğŸš€ <a href=""https://t.co/jOXeHAzxBn"">pic.twitter.com/jOXeHAzxBn</a></p>â€” Bitcoin Magazine (@BitcoinMagazine) <a href=""https://twitter.com/BitcoinMagazine/status/1934235651505061998?ref_src=twsrc%5Etfw"">June 15, 2025</a></blockquote>",0.466247167934974
2025-06-15 09:20:19-04,@BitcoinMagazine,"BREAKING: ğŸ‡µğŸ‡° Pakistanâ€™s Finance Minister and State Minister on Crypto Bilal just talked with Michael Saylor about #Bitcoin Nation States are here ğŸš€ <blockquote class=""twitter-tweet""><p dir=""ltr"" lang=""en"">BREAKING: ğŸ‡µğŸ‡° Pakistanâ€™s Finance Minister and State Minister on Crypto Bilal just talked with Michael Saylor about <a href=""https://twitter.com/hashtag/Bitcoin?src=hash&amp;ref_src=twsrc%5Etfw"">#Bitcoin</a> <br /><br />Nation States are here ğŸš€ <a href=""https://t.co/aa5tM5kKbY"">pic.twitter.com/aa5tM5kKbY</a></p>â€” Bitcoin Magazine (@BitcoinMagazine) <a href=""https://twitter.com/BitcoinMagazine/status/1934239548474601918?ref_src=twsrc%5Etfw"">June 15, 2025</a></blockquote>",0.47011631156007444
2025-06-15 09:29:00-04,@nsitharamanoffc,"Smt @nsitharaman visits Sindhu Ghat in Ladakh and offers prayers. <blockquote class=""twitter-tweet""><p dir=""ltr"" lang=""en"">Smt <a href=""https://twitter.com/nsitharaman?ref_src=twsrc%5Etfw"">@nsitharaman</a> visits Sindhu Ghat in Ladakh and offers prayers. <a href=""https://t.co/QPQgtKuV9K"">pic.twitter.com/QPQgtKuV9K</a></p>â€” Nirmala Sitharaman Office (@nsitharamanoffc) <a href=""https://twitter.com/nsitharamanoffc/status/1934241779286786391?ref_src=twsrc%5Etfw"">June 15, 2025</a></blockquote>",0.002778234581152598
2025-06-15 09:29:00-04,@FinMinIndia,"RT by @FinMinIndia: Smt @nsitharaman visits Sindhu Ghat in Ladakh and offers prayers. <blockquote class=""twitter-tweet""><p dir=""ltr"" lang=""en"">Smt <a href=""https://twitter.com/nsitharaman?ref_src=twsrc%5Etfw"">@nsitharaman</a> visits Sindhu Ghat in Ladakh and offers prayers. <a href=""https://t.co/QPQgtKuV9K"">pic.twitter.com/QPQgtKuV9K</a></p>â€” Nirmala Sitharaman Office (@nsitharamanoffc) <a href=""https://twitter.com/nsitharamanoffc/status/1934241779286786391?ref_src=twsrc%5Etfw"">June 15, 2025</a></blockquote>",0.005529733995596568
2025-06-15 09:30:00-04,@nsitharamanoffc,"Smt @nsitharaman interacts with tourists and locals at Sindhu Ghat in Ladakh. <blockquote class=""twitter-tweet""><p dir=""ltr"" lang=""en"">Smt <a href=""https://twitter.com/nsitharaman?ref_src=twsrc%5Etfw"">@nsitharaman</a> interacts with tourists and locals at Sindhu Ghat in Ladakh. <a href=""https://t.co/xonW3w0P2w"">https://t.co/xonW3w0P2w</a> <a href=""https://t.co/pNAclV1ZGQ"">pic.twitter.com/pNAclV1ZGQ</a></p>â€” Nirmala Sitharaman Office (@nsitharamanoffc) <a href=""https://twitter.com/nsitharamanoffc/status/1934242105687204227?ref_src=twsrc%5Etfw"">June 15, 2025</a></blockquote>",0.0029350854456424713
2025-06-15 09:33:17-04,@nsitharamanoffc,Smt @nsitharaman visits the @BJP4Ladakh office in Ladakh and addresses the Karyakartas. Smt @nsitharaman visits the @BJP4Ladakh office in Ladakh and addresses the Karyakartas.,-0.00283159501850605
2025-06-15 09:40:00-04,@TheJusticeDept,"Every year, 1 in 10 older Americans experience abuse. On #WorldElderAbuseAwarenessDay, the Justice Department reaffirms its commitment to protecting seniors & holding offenders accountable. #WEAAD <blockquote class=""twitter-tweet""><p dir=""ltr"" lang=""en"">Every year, 1 in 10 older Americans experience abuse. On <a href=""https://twitter.com/hashtag/WorldElderAbuseAwarenessDay?src=hash&amp;ref_src=twsrc%5Etfw"">#WorldElderAbuseAwarenessDay</a>, the Justice Department reaffirms its commitment to protecting seniors & holding offenders accountable. <a href=""https://twitter.com/hashtag/WEAAD?src=hash&amp;ref_src=twsrc%5Etfw"">#WEAAD</a> <a href=""https://t.co/X4wu1q6RhW"">pic.twitter.com/X4wu1q6RhW</a></p>â€” U.S. Department of Justice (@TheJusticeDept) <a href=""https://twitter.com/TheJusticeDept/status/1934244557471846861?ref_src=twsrc%5Etfw"">June 15, 2025</a></blockquote>",0.23606180797020596
2025-06-15 10:13:06-04,@novogratz,"We have a serious mental health epidemic running through our country. Sad. <blockquote class=""twitter-tweet""><p dir=""ltr"" lang=""en"">We have a serious mental health epidemic running through our country.  Sad. <a href=""https://t.co/gYpzEk2R7M"">https://t.co/gYpzEk2R7M</a></p>â€” Mike Novogratz (@novogratz) <a href=""https://twitter.com/novogratz/status/1934252831382630494?ref_src=twsrc%5Etfw"">June 15, 2025</a></blockquote>",-0.28896061033010484
2025-06-15 10:24:00-04,@WarrenDavidson,"Donâ€™t forget, Congress declares war. We are not at war with Iran, or Russia for that matter. US Constitution, Article I, Section 8, Clause 11 Explained clearly in Federalist 69, and 41. <blockquote class=""twitter-tweet""><p dir=""ltr"" lang=""en"">Donâ€™t forget, Congress declares war. We are not at war with Iran, or Russia for that matter.<br /><br />US Constitution, Article I, Section 8, Clause 11<br /><br />Explained clearly in Federalist 69, and 41. <a href=""https://t.co/BtXoBV3QbL"">https://t.co/BtXoBV3QbL</a></p>â€” Warren Davidson ğŸ‡ºğŸ‡¸ (@WarrenDavidson) <a href=""https://twitter.com/WarrenDavidson/status/1934255692539474154?ref_src=twsrc%5Etfw"">June 15, 2025</a></blockquote>",-0.029160323770095913
2025-06-15 10:24:28-04,@WarrenDavidson,"Donâ€™t forget, Congress declares war. We are not at war with Iran, or Russia for that matter. US Constitution, Article I, Section 8, Clause 11 Explained clearly in Federalist 69, and 41. <blockquote class=""twitter-tweet""><p dir=""ltr"" lang=""en"">Donâ€™t forget, Congress declares war. We are not at war with Iran, or Russia for that matter.<br /><br />US Constitution, Article I, Section 8, Clause 11<br /><br />Explained clearly in Federalist 69, and 41. <a href=""https://t.co/BtXoBV3QbL"">https://t.co/BtXoBV3QbL</a></p>â€” Warren Davidson ğŸ‡ºğŸ‡¸ (@WarrenDavidson) <a href=""https://twitter.com/WarrenDavidson/status/1934255692539474154?ref_src=twsrc%5Etfw"">June 15, 2025</a></blockquote>",-0.004157498478889465
2025-06-15 10:28:00-04,@SpeakerJohnson,"There is no more powerful force on earth than the love and encouragement of a dad. <blockquote class=""twitter-tweet""><p dir=""ltr"" lang=""en"">There is no more powerful force on earth than the love and encouragement of a dad. <a href=""https://t.co/Ed7WBn4lm7"">pic.twitter.com/Ed7WBn4lm7</a></p>â€” Speaker Mike Johnson (@SpeakerJohnson) <a href=""https://twitter.com/SpeakerJohnson/status/1934256791233208697?ref_src=twsrc%5Etfw"">June 15, 2025</a></blockquote>",0.0021384252856175103
2025-06-15 10:31:20-04,@paoloardoino,"It will be obvious <blockquote class=""twitter-tweet""><p dir=""ltr"" lang=""en"">It will be obvious <a href=""https://t.co/PDgZRlm6U5"">pic.twitter.com/PDgZRlm6U5</a></p>â€” Paolo Ardoino ğŸ¤– (@paoloardoino) <a href=""https://twitter.com/paoloardoino/status/1934257420303253515?ref_src=twsrc%5Etfw"">June 15, 2025</a></blockquote>",-0.016136061400175095
2025-06-15 10:36:59-04,@paoloardoino,"Imagination: 99/100 <blockquote class=""twitter-tweet""><p dir=""ltr"" lang=""en"">Imagination: 99/100 <a href=""https://t.co/fWMQac4zP4"">https://t.co/fWMQac4zP4</a></p>â€” Paolo Ardoino ğŸ¤– (@paoloardoino) <a href=""https://twitter.com/paoloardoino/status/1934258843988435043?ref_src=twsrc%5Etfw"">June 15, 2025</a></blockquote>",0.06000300024946531
2025-06-15 10:42:04-04,@paoloardoino,"AI might do to creativity and intelligence what Casio calculators did to mental arithmetic. But multiplied by a factor of 1000. At least we owned our calculators and they couldn't revolt against us. The idea behind qvac.tether.io is to let humans owning and controllingâ€¦ <blockquote class=""twitter-tweet""><p dir=""ltr"" lang=""en"">AI might do to creativity and intelligence what Casio calculators did to mental arithmetic.<br />But multiplied by a factor of 1000.<br /><br />At least we owned our calculators and they couldn't revolt against us.<br /><br />The idea behind <a href=""https://t.co/hoYR7Tdjmo"">https://t.co/hoYR7Tdjmo</a> is to let humans owning and controllingâ€¦</p>â€” Paolo Ardoino ğŸ¤– (@paoloardoino) <a href=""https://twitter.com/paoloardoino/status/1934260120629768555?ref_src=twsrc%5Etfw"">June 15, 2025</a></blockquote>",0.3438098014642795
2025-06-15 10:55:00-04,@PierreRochard,"RT by @BitcoinPierre: 11/12 Proposed fixğŸ‘‡ a) Amend Â§ 546(e) to cover â€œdigital-asset settlement payments.â€ b) Deem regulated exchanges â€œcommodity brokersâ€ for Safe Harbor. c) Add a de minimis carve-out (say <$250 k) so Main Street isnâ€™t dragged into court. <blockquote class=""twitter-tweet""><p dir=""ltr"" lang=""en"">11/12<br />Proposed fixğŸ‘‡<br />a) Amend Â§ 546(e) to cover â€œdigital-asset settlement payments.â€<br />b) Deem regulated exchanges â€œcommodity brokersâ€ for Safe Harbor.<br />c) Add a de minimis carve-out (say <$250 k) so Main Street isnâ€™t dragged into court.</p>â€” Thomas Braziel (@ThomasBraziel) <a href=""https://twitter.com/ThomasBraziel/status/1934263483459416239?ref_src=twsrc%5Etfw"">June 15, 2025</a></blockquote>",-0.011780397780239574
2025-06-15 10:56:00-04,@WatcherGuru,"Banks are closed for the weekend. BitcoinÂ never closes. <blockquote class=""twitter-tweet""><p dir=""ltr"" lang=""en"">Banks are closed for the weekend. BitcoinÂ never closes.</p>â€” Watcher.Guru (@WatcherGuru) <a href=""https://twitter.com/WatcherGuru/status/1934263687134494914?ref_src=twsrc%5Etfw"">June 15, 2025</a></blockquote>",0.03656695230553547
2025-06-15 11:05:00-04,@narendramodi,"I thank the Indian community for the affection. India will keep working to deepen ties with Cyprus in the times to come. <blockquote class=""twitter-tweet""><p dir=""ltr"" lang=""en"">I thank the Indian community for the affection. India will keep working to deepen ties with Cyprus in the times to come. <a href=""https://t.co/crtVH7ScOo"">pic.twitter.com/crtVH7ScOo</a></p>â€” Narendra Modi (@narendramodi) <a href=""https://twitter.com/narendramodi/status/1934266080849265045?ref_src=twsrc%5Etfw"">June 15, 2025</a></blockquote>",0.3555652270714442
2025-06-15 11:10:00-04,@narendramodi,"Î•Ï…Ï‡Î±ÏÎ¹ÏƒÏ„Ï Ï„Î·Î½ Î™Î½Î´Î¹ÎºÎ® ÎºÎ¿Î¹Î½ÏŒÏ„Î·Ï„Î± Î³Î¹Î± Ï„Î·Î½ Î±Î³Î¬Ï€Î·. Î— Î™Î½Î´Î¯Î± Î¸Î± ÏƒÏ…Î½ÎµÏ‡Î¯Î¶ÎµÎ¹ Ï„Î¹Ï‚ Ï€ÏÎ¿ÏƒÏ€Î¬Î¸ÎµÎ¹ÎµÏ‚ Î³Î¹Î± Ï„Î·Î½ ÎµÎ½Î´Ï…Î½Î¬Î¼Ï‰ÏƒÎ· Ï„Ï‰Î½ Î´ÎµÏƒÎ¼ÏÎ½ Ï„Î·Ï‚ Î¼Îµ Ï„Î·Î½ ÎšÏÏ€ÏÎ¿ ÏƒÏ„Î¿ Î¼Î­Î»Î»Î¿Î½. <blockquote class=""twitter-tweet""><p dir=""ltr"" lang=""el"">Î•Ï…Ï‡Î±ÏÎ¹ÏƒÏ„Ï Ï„Î·Î½ Î™Î½Î´Î¹ÎºÎ® ÎºÎ¿Î¹Î½ÏŒÏ„Î·Ï„Î± Î³Î¹Î± Ï„Î·Î½ Î±Î³Î¬Ï€Î·. Î— Î™Î½Î´Î¯Î± Î¸Î± ÏƒÏ…Î½ÎµÏ‡Î¯Î¶ÎµÎ¹ Ï„Î¹Ï‚ Ï€ÏÎ¿ÏƒÏ€Î¬Î¸ÎµÎ¹ÎµÏ‚ Î³Î¹Î± Ï„Î·Î½ ÎµÎ½Î´Ï…Î½Î¬Î¼Ï‰ÏƒÎ· Ï„Ï‰Î½ Î´ÎµÏƒÎ¼ÏÎ½ Ï„Î·Ï‚ Î¼Îµ Ï„Î·Î½ ÎšÏÏ€ÏÎ¿ ÏƒÏ„Î¿ Î¼Î­Î»Î»Î¿Î½. <a href=""https://t.co/6hHEf3jIj1"">pic.twitter.com/6hHEf3jIj1</a></p>â€” Narendra Modi (@narendramodi) <a href=""https://twitter.com/narendramodi/status/1934267290486276153?ref_src=twsrc%5Etfw"">June 15, 2025</a></blockquote>",0.22434844821691513
2025-06-15 11:16:00-04,@RepFrenchHill,"Happy Father's Day! Sending our best wishes to all the dads out there! <blockquote class=""twitter-tweet""><p dir=""ltr"" lang=""en"">Happy Father's Day! Sending our best wishes to all the dads out there! <a href=""https://t.co/pIwNbsQHTu"">pic.twitter.com/pIwNbsQHTu</a></p>â€” French Hill (@RepFrenchHill) <a href=""https://twitter.com/RepFrenchHill/status/1934268737567527212?ref_src=twsrc%5Etfw"">June 15, 2025</a></blockquote>",0.13831295922050874
2025-06-15 11:16:18-04,@RepFrenchHill,"Happy Father's Day! Sending our best wishes to all the dads out there! <blockquote class=""twitter-tweet""><p dir=""ltr"" lang=""en"">Happy Father's Day! Sending our best wishes to all the dads out there! <a href=""https://t.co/pIwNbsQHTu"">pic.twitter.com/pIwNbsQHTu</a></p>â€” French Hill (@RepFrenchHill) <a href=""https://twitter.com/RepFrenchHill/status/1934268737567527212?ref_src=twsrc%5Etfw"">June 15, 2025</a></blockquote>",0
2025-06-15 11:19:44-04,@SenRandPaul,"Joined @MeetThePress this morning to discuss the tragic political violence in Minnesota, immigration policy, rising tensions in the Middle East, and the cost of abandoning fiscal sanity. <blockquote class=""twitter-tweet""><p dir=""ltr"" lang=""en"">Joined <a href=""https://twitter.com/MeetThePress?ref_src=twsrc%5Etfw"">@MeetThePress</a> this morning to discuss the tragic political violence in Minnesota, immigration policy, rising tensions in the Middle East, and the cost of abandoning fiscal sanity. <a href=""https://t.co/urTrcYyrs7"">pic.twitter.com/urTrcYyrs7</a></p>â€” Senator Rand Paul (@SenRandPaul) <a href=""https://twitter.com/SenRandPaul/status/1934269599534460984?ref_src=twsrc%5Etfw"">June 15, 2025</a></blockquote>",-0.23725389391183851
2025-06-15 11:20:00-04,@tedcruz,"RT by @tedcruz: Today, exclusively on @SundayFutures with @MariaBartiromo, Senator Ted Cruz @tedcruz @SenTedCruz spoke about President Trump's proclamation that Iran will not be allowed to attain a nuclear weapon.@FoxNews <blockquote class=""twitter-tweet""><p dir=""ltr"" lang=""en"">Today, exclusively on <a href=""https://twitter.com/SundayFutures?ref_src=twsrc%5Etfw"">@SundayFutures</a> with <a href=""https://twitter.com/MariaBartiromo?ref_src=twsrc%5Etfw"">@MariaBartiromo</a>, Senator Ted Cruz <a href=""https://twitter.com/tedcruz?ref_src=twsrc%5Etfw"">@tedcruz</a> <a href=""https://twitter.com/SenTedCruz?ref_src=twsrc%5Etfw"">@SenTedCruz</a> spoke about President Trump's proclamation that Iran will not be allowed to attain a nuclear weapon.<a href=""https://twitter.com/FoxNews?ref_src=twsrc%5Etfw"">@FoxNews</a> <a href=""https://t.co/QlbXeBVdRO"">pic.twitter.com/QlbXeBVdRO</a></p>â€” SundayMorningFutures (@SundayFutures) <a href=""https://twitter.com/SundayFutures/status/1934269789108871199?ref_src=twsrc%5Etfw"">June 15, 2025</a></blockquote>",-0.002349652349948883
2025-06-15 11:38:00-04,@PierreRochard,"They donâ€™t like facts. Bitcoin has been the best performing asset over the past 16 years. <blockquote class=""twitter-tweet""><p dir=""ltr"" lang=""en"">They donâ€™t like facts.<br /><br />Bitcoin has been the best performing asset over the past 16 years. <a href=""https://t.co/A6iVi9vDaZ"">https://t.co/A6iVi9vDaZ</a> <a href=""https://t.co/AI2qAGOs6y"">pic.twitter.com/AI2qAGOs6y</a></p>â€” Pierre Rochard (@BitcoinPierre) <a href=""https://twitter.com/BitcoinPierre/status/1934274312397357393?ref_src=twsrc%5Etfw"">June 15, 2025</a></blockquote>",0.24475344667832055
2025-06-15 11:39:00-04,@ToneVays,"RT by @ToneVays: MAJOR Bitcoin WARNING: You Have 150 Days Before This Happens | Tone Vays  via @ToneVays @BTCsessions <blockquote class=""twitter-tweet""><p dir=""ltr"" lang=""en"">MAJOR Bitcoin WARNING: You Have 150 Days Before This Happens | Tone Vays <a href=""https://t.co/CwB8oZ5FYB"">https://t.co/CwB8oZ5FYB</a> via <a href=""https://twitter.com/ToneVays?ref_src=twsrc%5Etfw"">@ToneVays</a>  <a href=""https://twitter.com/BTCsessions?ref_src=twsrc%5Etfw"">@BTCsessions</a></p>â€” Jay Williams âš¡ï¸ğŸŒ‹ğŸ‡¸ğŸ‡» (@LightningPlus_) <a href=""https://twitter.com/LightningPlus_/status/1934274531331563812?ref_src=twsrc%5Etfw"">June 15, 2025</a></blockquote>",-0.13839424223772118
2025-06-15 11:39:20-04,@ToneVays,"RT by @ToneVays: MAJOR Bitcoin WARNING: You Have 150 Days Before This Happens | Tone Vays youtube.com/shorts/RdJB0RAâ€¦ via @ToneVays @BTCsessions <blockquote class=""twitter-tweet""><p dir=""ltr"" lang=""en"">MAJOR Bitcoin WARNING: You Have 150 Days Before This Happens | Tone Vays <a href=""https://t.co/CwB8oZ5FYB"">https://t.co/CwB8oZ5FYB</a> via <a href=""https://twitter.com/ToneVays?ref_src=twsrc%5Etfw"">@ToneVays</a>  <a href=""https://twitter.com/BTCsessions?ref_src=twsrc%5Etfw"">@BTCsessions</a></p>â€” Jay Williams âš¡ï¸ğŸŒ‹ğŸ‡¸ğŸ‡» (@LightningPlus_) <a href=""https://twitter.com/LightningPlus_/status/1934274531331563812?ref_src=twsrc%5Etfw"">June 15, 2025</a></blockquote>",-0.14562227496494576
2025-06-15 11:46:00-04,@PierreRochard,"RT by @BitcoinPierre: Essentially yes, this is what Jim Chanos doesnâ€™t get. <blockquote class=""twitter-tweet""><p dir=""ltr"" lang=""en"">Essentially yes, this is what Jim Chanos doesnâ€™t get. <a href=""https://t.co/SXbFYhyIuJ"">https://t.co/SXbFYhyIuJ</a></p>â€” Max Keiser (@maxkeiser) <a href=""https://twitter.com/maxkeiser/status/1934276248739422341?ref_src=twsrc%5Etfw"">June 15, 2025</a></blockquote>",0.10513063619534174
2025-06-15 11:49:00-04,@PierreRochard,"Bitcoin is so early, they still think we are ponzi cult bros. <blockquote class=""twitter-tweet""><p dir=""ltr"" lang=""en"">Bitcoin is so early, they still think we are ponzi cult bros. <a href=""https://t.co/zgrKnvIFwK"">pic.twitter.com/zgrKnvIFwK</a></p>â€” Pierre Rochard (@BitcoinPierre) <a href=""https://twitter.com/BitcoinPierre/status/1934277115148423330?ref_src=twsrc%5Etfw"">June 15, 2025</a></blockquote>",0.09232603982090949
2025-06-15 12:09:29-04,@PierreRochard,"RT by @BitcoinPierre: Hedge funds & short sellers who bet against Bitcoin are in for a rude awakening. <blockquote class=""twitter-tweet""><p dir=""ltr"" lang=""en"">Hedge funds & short sellers who bet against Bitcoin are in for a rude awakening.</p>â€” Ben Pham (@BenPhiat) <a href=""https://twitter.com/BenPhiat/status/1934282120719163868?ref_src=twsrc%5Etfw"">June 15, 2025</a></blockquote>",0.13817962408065795
2025-06-15 12:10:12-04,@intotheblock,"Can web3-AI still catch up in the AI race? Sentora Co-founder @jrdothoughts shares his thoughts in his latest article on @CoinDesk coindesk.com/opinion/2025/0â€¦ <blockquote class=""twitter-tweet""><p dir=""ltr"" lang=""en"">Can web3-AI still catch up in the AI race? <br /><br />Sentora Co-founder <a href=""https://twitter.com/jrdothoughts?ref_src=twsrc%5Etfw"">@jrdothoughts</a> shares his thoughts in his latest article on <a href=""https://twitter.com/CoinDesk?ref_src=twsrc%5Etfw"">@CoinDesk</a> <a href=""https://t.co/Sp7s879d41"">https://t.co/Sp7s879d41</a></p>â€” Sentora (previously IntoTheBlock) (@SentoraHQ) <a href=""https://twitter.com/SentoraHQ/status/1934282299756982286?ref_src=twsrc%5Etfw"">June 15, 2025</a></blockquote>",0.03897442991534869
2025-06-15 12:12:00-04,@nsitharamanoffc,"RT by @nsitharamanoffc: India looks forward to deepening friendship with Cyprus! Here are highlights from the welcome todayâ€¦ <blockquote class=""twitter-tweet""><p dir=""ltr"" lang=""en"">India looks forward to deepening friendship with Cyprus! <br /><br />Here are highlights from the welcome todayâ€¦ <a href=""https://t.co/JOU7lzF9EJ"">pic.twitter.com/JOU7lzF9EJ</a></p>â€” Narendra Modi (@narendramodi) <a href=""https://twitter.com/narendramodi/status/1934282803669082529?ref_src=twsrc%5Etfw"">June 15, 2025</a></blockquote>",0.058919108907381695
2025-06-15 12:12:00-04,@narendramodi,"India looks forward to deepening friendship with Cyprus! Here are highlights from the welcome todayâ€¦ <blockquote class=""twitter-tweet""><p dir=""ltr"" lang=""en"">India looks forward to deepening friendship with Cyprus! <br /><br />Here are highlights from the welcome todayâ€¦ <a href=""https://t.co/JOU7lzF9EJ"">pic.twitter.com/JOU7lzF9EJ</a></p>â€” Narendra Modi (@narendramodi) <a href=""https://twitter.com/narendramodi/status/1934282803669082529?ref_src=twsrc%5Etfw"">June 15, 2025</a></blockquote>",0.3210559948037068
2025-06-15 12:22:00-04,@GavinNewsom,"God Bless America ğŸ‡ºğŸ‡¸ <blockquote class=""twitter-tweet""><p dir=""ltr"" lang=""en"">God Bless America ğŸ‡ºğŸ‡¸ <a href=""https://t.co/LCG7VzmHT1"">pic.twitter.com/LCG7VzmHT1</a></p>â€” Gavin Newsom (@GavinNewsom) <a href=""https://twitter.com/GavinNewsom/status/1934285321652646086?ref_src=twsrc%5Etfw"">June 15, 2025</a></blockquote>",0.227438264588515
2025-06-15 12:27:00-04,@aeyakovenko,"ğŸ¦¾ğŸ¦¾ğŸ¦¾ <blockquote class=""twitter-tweet""><p dir=""ltr"" lang=""art"">ğŸ¦¾ğŸ¦¾ğŸ¦¾ <a href=""https://t.co/G7cCknGO1u"">https://t.co/G7cCknGO1u</a></p>â€” toly ğŸ‡ºğŸ‡¸ (@aeyakovenko) <a href=""https://twitter.com/aeyakovenko/status/1934286584003829850?ref_src=twsrc%5Etfw"">June 15, 2025</a></blockquote>",-0.01446340543528398
2025-06-15 12:36:00-04,@aeyakovenko,"US military is awesome and good. I would very likely not be here if the US army didnâ€™t liberate Dachau. ğŸ‡ºğŸ‡¸ğŸ‡ºğŸ‡¸ğŸ‡ºğŸ‡¸ <blockquote class=""twitter-tweet""><p dir=""ltr"" lang=""en"">US military is awesome and good. I would very likely not be here if the US army didnâ€™t liberate Dachau.  ğŸ‡ºğŸ‡¸ğŸ‡ºğŸ‡¸ğŸ‡ºğŸ‡¸ <a href=""https://t.co/P1o5KJmnJA"">https://t.co/P1o5KJmnJA</a></p>â€” toly ğŸ‡ºğŸ‡¸ (@aeyakovenko) <a href=""https://twitter.com/aeyakovenko/status/1934288817697198105?ref_src=twsrc%5Etfw"">June 15, 2025</a></blockquote>",0.03373352065682411
2025-06-15 12:47:00-04,@lookonchain,"5/ In the past 4 hours alone, over $99M in liquidations occurred on $ZKJ â€” accounting for 81.3% of all crypto liquidations. <blockquote class=""twitter-tweet""><p dir=""ltr"" lang=""en"">5/ In the past 4 hours alone, over $99M in liquidations occurred on <a href=""https://twitter.com/search?q=%24ZKJ&amp;src=ctag&amp;ref_src=twsrc%5Etfw"">$ZKJ</a> â€” accounting for 81.3% of all crypto liquidations. <a href=""https://t.co/T827ZBrLnB"">pic.twitter.com/T827ZBrLnB</a></p>â€” Lookonchain (@lookonchain) <a href=""https://twitter.com/lookonchain/status/1934291623531430037?ref_src=twsrc%5Etfw"">June 15, 2025</a></blockquote>",-0.3660691191752752
2025-06-15 12:49:26-04,@elonmusk,"Happy Fatherâ€™s Day to all Dads out there! <blockquote class=""twitter-tweet""><p dir=""ltr"" lang=""en"">Happy Fatherâ€™s Day to all Dads out there!</p>â€” Elon Musk (@elonmusk) <a href=""https://twitter.com/elonmusk/status/1934292176521109756?ref_src=twsrc%5Etfw"">June 15, 2025</a></blockquote>",0.0003637063006560008
2025-06-15 12:54:00-04,@RepFrenchHill,"Arkansas turns 189 today! As a ninth-generation Arkansan, my family's roots run deep here. Just like so many who built farms, raised families, and shaped our communities, I am proud to call Arkansas home. From the Delta fields to the Ouachitas, there's no place like The Naturalâ€¦ <blockquote class=""twitter-tweet""><p dir=""ltr"" lang=""en"">Arkansas turns 189 today! <br /><br />As a ninth-generation Arkansan, my family's roots run deep here. Just like so many who built farms, raised families, and shaped our communities, I am proud to call Arkansas home. From the Delta fields to the Ouachitas, there's no place like The Naturalâ€¦ <a href=""https://t.co/aDuAyrcKQH"">pic.twitter.com/aDuAyrcKQH</a></p>â€” French Hill (@RepFrenchHill) <a href=""https://twitter.com/RepFrenchHill/status/1934293323360989212?ref_src=twsrc%5Etfw"">June 15, 2025</a></blockquote>",0.007467018440365791
2025-06-15 12:55:00-04,@elonmusk,"RT by @elonmusk: â€œThe problem is, we need more Elon Musks. There's not a lot of people that really dedicate all their time and energy to do something like this.â€ <blockquote class=""twitter-tweet""><p dir=""ltr"" lang=""en"">â€œThe problem is, we need more Elon Musks. There's not a lot of people that really dedicate all their time and energy to do something like this.â€ <a href=""https://t.co/p75ljSsCB0"">pic.twitter.com/p75ljSsCB0</a></p>â€” Tesla Owners Silicon Valley (@teslaownersSV) <a href=""https://twitter.com/teslaownersSV/status/1934293757891133516?ref_src=twsrc%5Etfw"">June 15, 2025</a></blockquote>",0.2783257233599821
2025-06-15 12:56:00-04,@elonmusk,"RT by @elonmusk: â€œI have watched Elon Musk very up close for a couple of years. I really believe he's taken up certain missions, like saving us from hostile AI and making us multiplanetary.â€ <blockquote class=""twitter-tweet""><p dir=""ltr"" lang=""en"">â€œI have watched Elon Musk very up close for a couple of years. I really believe he's taken up certain missions, like saving us from hostile AI and making us multiplanetary.â€<br /> <a href=""https://t.co/uguP3YZWVF"">pic.twitter.com/uguP3YZWVF</a></p>â€” Tesla Owners Silicon Valley (@teslaownersSV) <a href=""https://twitter.com/teslaownersSV/status/1934293832931352734?ref_src=twsrc%5Etfw"">June 15, 2025</a></blockquote>",0.399498556740582
2025-06-15 13:12:00-04,@PierreRochard,"RT by @BitcoinPierre: Honestly, @LynAldenContact better up her game because @BitcoinPierre is coming in hot for the World TradFi-Normie Shaming Championship. <blockquote class=""twitter-tweet""><p dir=""ltr"" lang=""en"">Honestly, <a href=""https://twitter.com/LynAldenContact?ref_src=twsrc%5Etfw"">@LynAldenContact</a> better up her game because <a href=""https://twitter.com/BitcoinPierre?ref_src=twsrc%5Etfw"">@BitcoinPierre</a> is coming in hot for the World TradFi-Normie Shaming Championship. <a href=""https://t.co/oCdQF5Dod0"">pic.twitter.com/oCdQF5Dod0</a></p>â€” Bit Paine âš¡ï¸ (@BitPaine) <a href=""https://twitter.com/BitPaine/status/1934297982209589429?ref_src=twsrc%5Etfw"">June 15, 2025</a></blockquote>",0.32130539330343405
2025-06-15 13:25:55-04,@PierreRochard,"RT by @BitcoinPierre: ğŸ˜‚ğŸ˜‚ğŸ˜‚ <blockquote class=""twitter-tweet""><p dir=""ltr"" lang=""art"">ğŸ˜‚ğŸ˜‚ğŸ˜‚ <a href=""https://t.co/LmMjwEF6Za"">https://t.co/LmMjwEF6Za</a></p>â€” Mike White (@mjwhitemjwhite) <a href=""https://twitter.com/mjwhitemjwhite/status/1934301355599872031?ref_src=twsrc%5Etfw"">June 15, 2025</a></blockquote>",-0.01366184651851654
2025-06-15 13:31:00-04,@PMOIndia,"PM @narendramodi's remarks during the India-Cyprus business roundtable meeting. <blockquote class=""twitter-tweet""><p dir=""ltr"" lang=""en"">PM <a href=""https://twitter.com/narendramodi?ref_src=twsrc%5Etfw"">@narendramodi</a>'s remarks during the India-Cyprus business roundtable meeting. <a href=""https://t.co/VlR7erktgL"">https://t.co/VlR7erktgL</a></p>â€” PMO India (@PMOIndia) <a href=""https://twitter.com/PMOIndia/status/1934302679863321057?ref_src=twsrc%5Etfw"">June 15, 2025</a></blockquote>",0.2231098935008049
2025-06-15 13:35:00-04,@santimentfeed,"RT by @santimentfeed: ğŸš€ Sharing an intriguing chart of ETH price overlaid with some unique metrics from the Pendle ecosystem: â€¢ Underlying APY â€¢ Implied APY â€¢ Yield Spread all derived from USDe stablecoin & its yielding version sUSDe. Letâ€™s dive in! ğŸ‘‡ #Ethereum #CryptoAnalytics <blockquote class=""twitter-tweet""><p dir=""ltr"" lang=""en"">ğŸš€ Sharing an intriguing chart of ETH price overlaid with some unique metrics from the Pendle ecosystem: <br />â€¢ Underlying APY<br />â€¢ Implied APY<br />â€¢ Yield Spread<br />all derived from USDe stablecoin & its yielding version sUSDe. Letâ€™s dive in! ğŸ‘‡ <a href=""https://twitter.com/hashtag/Ethereum?src=hash&amp;ref_src=twsrc%5Etfw"">#Ethereum</a> <a href=""https://twitter.com/hashtag/CryptoAnalytics?src=hash&amp;ref_src=twsrc%5Etfw"">#CryptoAnalytics</a> <a href=""https://t.co/HRpbRO8Zc5"">pic.twitter.com/HRpbRO8Zc5</a></p>â€” Maksim (@balance_ra) <a href=""https://twitter.com/balance_ra/status/1934303696873046484?ref_src=twsrc%5Etfw"">June 15, 2025</a></blockquote>",0.3491825183374542
2025-06-15 13:35:13-04,@santimentfeed,"RT by @santimentfeed: ğŸš€ Sharing an intriguing chart of ETH price overlaid with some unique metrics from the Pendle ecosystem: â€¢ Underlying APY â€¢ Implied APY â€¢ Yield Spread all derived from USDe stablecoin & its yielding version sUSDe. Letâ€™s dive in! ğŸ‘‡ #Ethereum #CryptoAnalytics <blockquote class=""twitter-tweet""><p dir=""ltr"" lang=""en"">ğŸš€ Sharing an intriguing chart of ETH price overlaid with some unique metrics from the Pendle ecosystem: <br />â€¢ Underlying APY<br />â€¢ Implied APY<br />â€¢ Yield Spread<br />all derived from USDe stablecoin & its yielding version sUSDe. Letâ€™s dive in! ğŸ‘‡ <a href=""https://twitter.com/hashtag/Ethereum?src=hash&amp;ref_src=twsrc%5Etfw"">#Ethereum</a> <a href=""https://twitter.com/hashtag/CryptoAnalytics?src=hash&amp;ref_src=twsrc%5Etfw"">#CryptoAnalytics</a> <a href=""https://t.co/HRpbRO8Zc5"">pic.twitter.com/HRpbRO8Zc5</a></p>â€” Maksim (@balance_ra) <a href=""https://twitter.com/balance_ra/status/1934303696873046484?ref_src=twsrc%5Etfw"">June 15, 2025</a></blockquote>",0.4208844969669978
